First name,Surname,Company,Company account,Postcode,New postcode,Pet's name,EmailChastity,Hayes,Auctor Non Feugiat Corporation,NL83ZWAJ4204089617,A5T 3G1,67608,"Paula, Imelda, Rooney, Bruno",convallis.dolor@quamdignissimpharetra.eduLois,Ayers,Sit Industries,BE14688500072856,W8F 0J1,15840,"Joseph, Irma, Ursula, Jordan",odio@sapienCrasdolor.caActon,Campbell,Rutrum Non PC,AL47992650115975242309412187,U0G 0H2,74464,"Tatyana, Linda, Leo, Cole",Curae.Donec.tincidunt@cursusaenim.co.ukEmma,Hogan,Nunc Sit Amet Foundation,NO6641790931190,U8E 4I3,70835,"Moses, Wanda, Naomi, Jamalia",eros.nec.tellus@inmagnaPhasellus.comDenton,Klein,Ante Ltd,GB77DWXH12303574957231,D4N 2K1,78121,"Holly, Carissa, Sheila, Sylvia",sed@ornare.comZelda,Bridges,A Associates,MU3078320533470958646630771434,W2B 7V3,53674,"Blair, Justina, Blossom, Astra",consequat@CuraePhasellus.orgWanda,Brooks,Sem Semper Corporation,SE7039263641777885831168,U1E 9B9,80037,"Louis, Talon, Dai, Silas",a@nonante.comKelly,Horton,Consectetuer Euismod LLC,IT489MHKTI58380002101804435,I2Y 9O7,70561,"Dara, Edan, Xaviera, Leilani",ornare.sagittis.felis@nisi.caFelicia,Farley,Feugiat Placerat Limited,HU38779039511591982821505394,K8N 7I5,28755,"Uta, Darryl, Camden, Ursa",ut.pharetra.sed@nibhsit.co.ukCharity,Schmidt,Non Limited,RS58028660720825566047,U8K 0P4,93075,"Henry, Nina, Rhonda, Jorden",at.auctor@lacus.comOwen,Reyes,In Corp.,MK22993598576417918,N2Y 2D5,88979,"Madaline, Cara, Tyrone, Dillon",magna.Cras@nibh.caOrson,Holman,Ut Nulla LLC,FO1720974158703340,A1H 9A4,31951,"Jacob, Imani, Cyrus, Bert",consequat.nec@egestas.netMoses,Mckee,Sed Foundation,CZ3636941995979991799427,H5S 0N6,81605,"Zachary, Darius, Winter, Aphrodite",arcu.imperdiet@lacusvestibulumlorem.eduJaden,Collins,Vel Arcu Foundation,FO7444787528436843,J2C 9P2,24749,"Carlos, Kiayada, Sawyer, Sebastian",amet.ornare@odiosagittis.co.ukKeegan,Wells,Nam Consequat Dolor Industries,IS204306763159575437460347,M3N 3B2,35604,"Jerry, Scarlett, Rana, Olga",Morbi.sit@tellus.eduJennifer,Lang,Elementum Dui Consulting,MT94XCPA04987678255404608006355,U9U 8J3,78980,"Callum, Regina, Yuri, Kareem",a@fermentum.co.ukTyrone,Gamble,Mauris Limited,PL69814558518314437789009120,Q9J 0S3,69308,"Cullen, Karen, Gavin, Samuel",nascetur.ridiculus.mus@Duis.co.ukAlan,Brooks,Vel Arcu Curabitur Foundation,NL07SYRO6758004964,S7X 0Z7,70333,"Ainsley, Orli, Dustin, Amity",Aliquam.adipiscing@tortor.comLinus,Cleveland,Mi Corp.,DE43235735546270617917,Y4K 9Z8,35890,"Gillian, Wesley, Tad, Charity",vitae.risus.Duis@Quisqueornare.netMagee,Phelps,Proin Velit Sed Industries,SE6758407744272853420484,J2O 6S9,88361,"Kaye, Mona, Oleg, Roary",nibh.lacinia.orci@sit.orgRhona,Webb,Aenean Eget Metus PC,SK9731581373208117260500,I6Y 2N0,35164,"Zahir, Juliet, Rashad, Katelyn",placerat.orci.lacus@ornareIn.eduOdette,Moss,Luctus Ut Pellentesque Industries,AT394768369524819764,A6S 7T9,37926,"Nelle, Boris, Alyssa, Macaulay",tellus@consectetuermauris.orgQuincy,Wiley,Diam At Consulting,SK8301832755700851961326,Q4Z 7Q8,18490,"Nelle, Jin, Rhoda, Bo",arcu@aliquet.netMaryam,Dalton,Fringilla Limited,FI6556091853471115,X7I 6H1,39689,"Grant, Linus, Blaine, Jordan",nec.tempus.mauris@semmollisdui.co.ukGisela,Reynolds,Nunc Company,RS72494425641402952862,W7U 4I6,20675,"Hannah, Callum, Neville, Kylan",ultrices.posuere.cubilia@Sed.netBianca,Christensen,Ac Inc.,RO46YBKD4600613645353561,J9Y 5C1,43835,"Price, Adrienne, Boris, Noah",turpis@tinciduntnibhPhasellus.caCeleste,Quinn,Montes LLP,SK5133351184615017596314,A9P 9B0,52598,"Porter, Amaya, Neil, Grace",elit@semvitae.netYvonne,Holcomb,Sed Orci Company,FR3028230674389856021986655,E7R 6K8,34748,"Magee, Jada, Daniel, Abraham",libero.et@mi.comIma,Whitaker,Eget Laoreet Consulting,FI2581844505152321,S3F 4Q3,84241,"Reagan, Dexter, Brady, Iliana",consectetuer.cursus.et@sodales.comFay,Calhoun,Nisi Cum Sociis Corporation,TR671791841823484734159435,Y9P 4B3,86815,"Colt, Stewart, Oprah, Neve",Vestibulum.accumsan.neque@euismodurna.caChaim,Merritt,Ipsum Corp.,FI5943407149598671,C4F 2Z8,7868,"Leigh, Ira, Gil, Calvin",nec.tellus@vitae.co.ukStuart,Soto,Praesent LLC,GT69271084408110986663802755,J2G 6G2,32966,"Zelda, Hannah, Cole, Tamekah",augue.ac@arcuAliquamultrices.co.ukNash,Marquez,In Associates,ME74968791648600173433,R0Z 7I6,88892,"Kimberly, Martina, Eugenia, Burke",aliquam.eu@rutrum.netJemima,Johns,Elementum Purus Accumsan Industries,IS375460395784543834701226,R6V 6V3,9712,"Keane, Echo, Ruby, Gage",arcu@Proinvel.netMyles,Aguirre,Risus Inc.,SE8197766378759976233157,T6B 7O8,34590,"Joelle, Marshall, Fitzgerald, Odette",urna@egetmetus.caSylvia,Neal,Integer Ltd,LT255262012576413940,X2M 1H7,64250,"Stella, Tyler, Rebekah, Audrey",eget.volutpat.ornare@pedeCras.co.ukMechelle,Rush,Vulputate Posuere Vulputate Foundation,BE04833865689818,O4I 6O6,74710,"Xander, Florence, Chantale, Alexa",est@lacinia.netDoris,Maddox,Id Ltd,MT42ABRW32317480405070233224334,B3V 5L4,26433,"Hyacinth, Sebastian, Imogene, Erica",nibh@loremsemperauctor.caIshmael,Neal,Ultrices Vivamus Rhoncus Consulting,CH9603542831698563912,P5F 5K4,58824,"Abel, Kieran, Joy, Clio",eget@risusDonec.netMacey,Morris,Accumsan Industries,SE9653082341136534033277,U0I 6M4,84076,"Harper, Keegan, Walter, Bruno",montes.nascetur@leoVivamus.comAdam,Saunders,Tincidunt Tempus Industries,ES5840630376008990715792,M3Q 0W0,26418,"Boris, Shad, Gavin, Yvette",quis.pede@gravidaPraesent.co.ukRebecca,Bond,Dictum LLP,EE555374570771833065,I9A 2G0,6973,"Jacqueline, Alvin, Clementine, Stewart",amet.diam@turpis.comKaseem,Rice,Dictum Eleifend Nunc Incorporated,GL8371042643669307,R9Y 8I1,962,"Connor, Sarah, Jemima, Jonas",ipsum.primis@felis.netPortia,Klein,Sem Vitae Incorporated,CZ9029123669971429850950,A6L 0Q0,79680,"Ava, Chloe, Marny, Scarlet",consectetuer.adipiscing@a.orgZelenia,Brennan,Gravida Foundation,TR729188509373842450961594,H1E 8O0,39376,"Kibo, Quon, Aline, Hunter",aliquet@porttitor.comGabriel,Coffey,Dolor Fusce Mi LLP,NO7540183993914,A8L 1X2,39900,"Stacey, Eliana, Jakeem, Dolan",faucibus.Morbi.vehicula@sagittis.netKaryn,Peters,Auctor Company,IL122162251881363481798,Y1I 5Z3,90957,"Minerva, Dacey, Celeste, Troy",Sed.nunc.est@asollicitudinorci.caEcho,Sanders,Nec Quam Incorporated,TR412524837787332605523755,B6E 2K1,85508,"Claudia, Ava, Ivana, Lareina",aliquet.diam@mollisnoncursus.eduAnn,Flores,Tempor Arcu Vestibulum Corporation,SI81263220506240060,K6X 9M8,51870,"Aretha, Lucian, Todd, Ayanna",facilisis@vel.orgZelda,Ryan,Congue Corp.,GT56094549658773256340692648,D4B 8F5,73210,"Rafael, Bryar, Brian, Charissa",tincidunt.dui@ametdapibusid.eduStella,Barnes,Magna Foundation,LU789280349703789815,H7Y 0K6,99449,"Gwendolyn, Molly, Hashim, Miranda",elit.dictum.eu@Quisquepurus.netAlden,Bush,Nec Malesuada Ut Institute,ES3619333624584565411377,H1K 4M7,60460,"Leilani, Yoko, Abdul, Myles",pede.Nunc@arcuimperdietullamcorper.co.ukColton,Sanders,Id Blandit Incorporated,AT112986443220492722,M6H 7R8,5716,"Amity, Hyatt, Sylvester, Jada",Cras@iaculisquispede.caAmal,Quinn,Ipsum PC,IL438893435096255777259,S7X 9T5,83140,"Juliet, Gray, Steel, Levi",eu@Phasellus.orgPatricia,Madden,Lorem Ipsum Industries,IS249486480298888207348838,O9V 8N7,89324,"Yvonne, Xavier, Kylie, Haley",scelerisque.neque@Pellentesqueultriciesdignissim.netLydia,Warren,Lacinia Orci Consectetuer PC,LT437775259523852135,N3U 6C1,32553,"Sloane, Audrey, Edan, August",ipsum@molestie.netSimone,Mcfarland,Sodales LLP,RS69623057457348482793,R2B 1R8,77796,"Leroy, Kareem, Halla, Patricia",dui.in@et.eduLinus,Hunter,Nunc Id Enim Limited,LV18PDVS8746482624928,K5A 9R8,95479,"Harlan, Ashely, May, Madonna",Praesent@velit.co.ukTimothy,Pope,In Cursus Et PC,HU84140235137092492019448485,S4Q 2Z2,7710,"Ifeoma, Lee, Rachel, Yael",luctus.Curabitur.egestas@sit.orgJaquelyn,Stanley,Ornare Lectus Corporation,RS38319189195205216274,V5W 0N0,96319,"Connor, Stacey, Giacomo, Amena",magnis@dis.orgBrady,Doyle,Enim Sit Amet Incorporated,RS92539961477068835548,G4Z 1O8,43205,"Mannix, Travis, Odysseus, Aspen",ut.ipsum.ac@nuncQuisqueornare.orgThor,Richardson,Nisl Elementum Foundation,MD2418606048779067223843,L3Y 2W8,65355,"Luke, Slade, Kendall, Kyra",fringilla@malesuadautsem.eduAlexander,Frank,Nibh Aliquam Corp.,CZ4451787176780742708870,L5B 6F5,76954,"MacKenzie, Dara, Ishmael, Joel",diam.nunc.ullamcorper@porttitorerosnec.comTimon,Roberson,Imperdiet Ornare Associates,GB46OXEF88480659916871,L9C 4J4,23638,"Quemby, Cleo, Lucas, Lee",Integer.in.magna@sodaleseliterat.orgZephania,Guy,Non Lacinia At Consulting,SI97898751212448166,T1G 0Y9,7600,"Cooper, Dacey, Griffin, Ingrid",eu@In.co.ukNigel,Orr,Turpis Inc.,RO94ACQO2954333633178760,L1Q 4S4,25190,"Adrienne, Buffy, Aubrey, Paki",odio.Nam.interdum@sodales.netMiranda,Delaney,Feugiat Company,HR3983231480659742755,G1J 1V7,21560,"Charlotte, Luke, Leila, Harrison",at.velit@Sed.orgElaine,Espinoza,Accumsan Limited,AZ15937757866029991593592561,P3C 0N9,80644,"Brady, Shea, Raya, Cecilia",orci.Phasellus@Morbinonsapien.orgCiara,Bowers,Dolor Quisque PC,LV05JYUC0130171065508,J4C 5P2,80296,"Hamish, Alea, Yen, Minerva",est.mollis.non@nibh.co.ukGregory,Baird,Pellentesque Ut Foundation,ES1884087195838733766704,P9E 9N2,95303,"Sara, Gabriel, Nicholas, Derek",nisi.nibh.lacinia@eu.caJudith,Avery,Varius Associates,SI06308297087413628,R3C 1R5,12481,"Julian, Emma, Madeline, Anika",dolor@risus.caHamilton,Luna,Felis Company,BE07230956933334,N9S 4N9,56380,"Grant, Boris, Naomi, Samson",vitae.semper.egestas@neceleifend.caUrsa,Rosales,Duis LLP,RO60UNOE2543431673005273,A1B 0U1,50786,"Cathleen, Diana, Tyler, Tatiana",vel.quam.dignissim@lectusjustoeu.eduFallon,Moreno,Donec Tincidunt Donec Foundation,SI51089209048962477,T5M 5Z6,66888,"Haley, Calvin, Cade, Melinda",Nullam.velit.dui@ettristique.orgConnor,Combs,Ridiculus Institute,MK89401142202039876,N5G 9G0,15247,"Joy, Kareem, Joseph, Kylan",elementum.sem@perinceptos.co.ukJoel,Donaldson,Lobortis Nisi PC,BH25968625900294601029,L2C 5L3,37555,"Akeem, Aileen, Cullen, Deborah",interdum@sedturpis.eduKeegan,Larsen,Vehicula PC,IT617FKFKI68991671283461524,I0J 8V1,5497,"Madeson, Raya, Graham, Sloane",velit@facilisisSuspendissecommodo.comSigourney,Barrera,Orci Incorporated,MC6325406374029056371905016,V2Q 8Q7,72826,"Maryam, Justina, Indigo, Cheryl",mauris.Integer@egestasligula.eduRashad,Murray,Mauris Ut Consulting,IL544925348007528728549,W5E 3U2,51849,"Merritt, Colleen, Alice, Denise",laoreet@nascetur.orgOrson,Key,Malesuada Integer Id Institute,AZ37539185587325180350068253,M1H 4S1,5241,"Tanner, Donna, Tyrone, Althea",odio.a.purus@non.caJaime,Waters,Vitae PC,CZ4128521877605763532448,D5O 6V1,40260,"Katelyn, Brady, Christine, Kamal",Sed@ullamcorper.caRyder,Knapp,Egestas Industries,EE084570723927057560,B3E 5N0,32341,"Vera, Casey, Cameron, Tiger",felis.ullamcorper@estconguea.co.ukHarding,Obrien,Eu LLC,SA4765654430725742582173,D8C 7X3,62813,"Caesar, Dorian, Justina, Addison",lorem.semper.auctor@Phasellusvitae.eduJoshua,Pope,Nullam Industries,CZ7492457474890802764746,T3Q 5Y1,20964,"Iola, Rama, Adria, Coby",erat.eget@vitaesemperegestas.caSydnee,Pennington,Diam Associates,SE7561126450413060609341,B8C 5U1,35897,"Levi, Gail, Graham, Rigel",lobortis@Duisvolutpat.co.ukAbigail,Ewing,Nulla Semper PC,MD0298798717256491134997,X3C 7M0,88408,"Tucker, Amber, Remedios, Ima",Morbi@semsemper.caCameron,Hickman,Magnis PC,PS510157446541211530338981933,W8E 1D4,78513,"Freya, Paula, Wanda, Adam",Integer@ametconsectetueradipiscing.orgDenise,Forbes,Eget Varius Ultrices Industries,MT87ZCQZ45049353875755364250030,V8W 5J3,16682,"Kelsey, Rosalyn, Lesley, Samantha",et@ullamcorper.comIllana,Tyler,Libero Donec Consectetuer LLP,AD5849436798276194951296,V4L 0M5,70030,"Anastasia, Beatrice, Melanie, Rhiannon",vestibulum@egestasFusce.orgPearl,Williams,Nulla In Tincidunt Associates,EE549067266725648080,I3Q 1M0,91423,"Dexter, Desirae, Cecilia, Keane",posuere@egestas.netKameko,Todd,A Company,BA456552538671750511,O6W 8A5,23865,"Lester, Clarke, Hiram, Carl",nisl.sem@Donecporttitortellus.caImelda,Hubbard,Diam Ltd,RS17822084486263595013,L2R 3R4,15817,"Norman, Gwendolyn, Ifeoma, Jin",Sed@In.orgJeremy,Brooks,Sapien Molestie Limited,IE68NBIA26439385197482,K9X 3U8,75426,"Kermit, Cora, Joshua, Aaron",neque@Donecest.co.ukUriah,Travis,Nullam Lobortis Inc.,GT09468277033550512796439370,L5B 4K6,10441,"Hayes, Elizabeth, Stacey, Coby",gravida@justoeu.eduRoth,Sharpe,Consectetuer Cursus LLC,GB07IKUM57235442728680,T8N 4A3,24019,"Mariko, Jermaine, Samson, Jael",aliquam.eu@malesuada.orgKelly,Simmons,Risus Nunc PC,AD0833595383388242651032,S9M 1U6,22656,"Caesar, Eliana, Evelyn, Alexis",euismod.urna.Nullam@ametluctus.orgIvory,Richard,Odio Institute,ME30982913639560134640,B0I 9L1,98057,"Ingrid, Hedda, Nora, Judah",pharetra.nibh@pellentesqueafacilisis.eduMarah,Mcclain,Elementum At Ltd,BA238833964163039539,N4I 5X2,55805,"Reece, Stone, Lunea, Simon",euismod.in.dolor@semperrutrumFusce.netCarter,Carter,Dolor Foundation,AT706621819419409026,N6Z 2N2,47828,"Martina, Raphael, Ava, Ray",Nunc@maurissagittis.orgWinifred,Jacobs,Tortor Ltd,VG3528685764044969353912,Q5M 9P7,18668,"Irene, Akeem, Wallace, Shelby",non@ut.edu